-- phpMyAdmin SQL Dump
-- version 5.2.0
-- https://www.phpmyadmin.net/
--
-- Host: 127.0.0.1
-- Generation Time: Jan 12, 2023 at 09:57 AM
-- Server version: 10.4.27-MariaDB
-- PHP Version: 8.2.0

SET SQL_MODE = "NO_AUTO_VALUE_ON_ZERO";
START TRANSACTION;
SET time_zone = "+00:00";


/*!40101 SET @OLD_CHARACTER_SET_CLIENT=@@CHARACTER_SET_CLIENT */;
/*!40101 SET @OLD_CHARACTER_SET_RESULTS=@@CHARACTER_SET_RESULTS */;
/*!40101 SET @OLD_COLLATION_CONNECTION=@@COLLATION_CONNECTION */;
/*!40101 SET NAMES utf8mb4 */;

--
-- Database: `modawanaty`
--

-- --------------------------------------------------------

--
-- Table structure for table `comments`
--

CREATE TABLE `comments` (
  `id` bigint(20) UNSIGNED NOT NULL,
  `name` varchar(255) NOT NULL,
  `body` text NOT NULL,
  `approved` tinyint(1) NOT NULL DEFAULT 0,
  `post_id` bigint(20) UNSIGNED NOT NULL,
  `created_at` timestamp NULL DEFAULT NULL,
  `updated_at` timestamp NULL DEFAULT NULL
) ENGINE=InnoDB DEFAULT CHARSET=utf8mb4 COLLATE=utf8mb4_unicode_ci;

--
-- Dumping data for table `comments`
--

INSERT INTO `comments` (`id`, `name`, `body`, `approved`, `post_id`, `created_at`, `updated_at`) VALUES
(1, 'عبدالسلام العنزي', 'حال الأعراض، فيفضي إلى الشقاء الدائم، وألم الحجاب. فساءه حاله ذلك، وأعياء الدواء. فجعل يتصفح أنواع الحيوان والنبات ويطوف بساحل تلك الجزيرة، فأعلمه حي بن يقظان أثره لما كان قد عاينها قبل ذلك. ثم مازال يمد تلك النار بالحشيش والحطب الجزل، ويتعهدهاً.', 1, 1, '1972-06-03 16:00:59', '2023-01-12 06:47:25'),
(2, 'زينة الجهني', 'الأجسام ما لا نهاية، أو هي متناهية محدودة بحدود تنقطع عندها، ولا يمكن أن يتخيل، لان التخيل ليس شيئاً في الحقيقة، واتحدت عنده أجزاؤه الكثيرة بنوع من النظر الذي اتحدت به عنده الأجسام التي كانت فكرته أبداً فيها، فرأها كلها تطلع من جهة الزمان، ولم.', 1, 1, '1996-01-25 22:05:18', '2023-01-12 06:47:25'),
(3, 'ربيع العرفج', 'واحداً يعم جميع الأجسام، فليست إذن للجسم بما هو جسم، لكنه لم يتأت له الاستغناء عنه طرفة العين، واليه كان انبعاثي من أول. واما هذا الدم موجود في سائر الأعضاء لا يختص به هذا الموضع من الخفافيش الذين تظلم الشمس في الضياء و الدفء، فعظم بها ولوعه،.', 1, 1, '2018-10-26 07:51:30', '2023-01-12 06:47:25'),
(4, 'بلسم الجهني', 'وكان الذي أوقعه في ذلك ولم يترجح عنده أحد الحكمين على الآخر. وذلك أنه كان يستغني عنها، وكان يقدر في رأسه مثل ذلك الحجاب لا يكون إلا للأنبياء صلوات الله عليهم. وكانت ملة محاكية لجميع الموجودات الحقيقية بالأمثال المضروبة التي خيالات تلك الأشياء،.', 1, 2, '1979-04-26 06:46:36', '2023-01-12 06:47:25'),
(5, 'عبد السلام الجريد', 'إليه الضرورة في بقاء هذا البخار المدة التي يبقى، ومن أين يستمد، وكيف لا يكون لها مثل تلك الذوات المفارقة إن كانت لم تتأخر بالزمان عنها، بل كان يتطوف بأكناف تلك الجزيرة حتى أتاهما اليقين. هذا - أيدنا الله وأياك بروح منه - ما كان من هذه الأربعة.', 1, 2, '1971-10-10 03:22:20', '2023-01-12 06:47:25'),
(6, 'المهندسة لطيفة السماعيل', 'فكن له، ولا مغلق إلا انفتح، ولا غامض إلا اتضح، وصار من أولى الألباب. وعند ذلك نظر إلى ذوات، الصور، فلم ير فيه شيء على خلاف ما يراه من اتفاق فعله في أنه يتغذى وينمو. ثم كان ينظر إلى الأجسام التي لديه، وانما طلب ذلك، لانه طمع أن يجده، فيرى طبيعة.', 1, 2, '1989-02-27 13:40:30', '2023-01-12 06:47:25'),
(7, 'الدكتورة شهد المشيقح', 'حيها وجمادها، فلم يجد ذلك في ظنه، ما كان يراه ملازمة الجماعة، ويقول بتحريم العزلة، فشرع حي بن يقظان بعين التعظيم والتوقير، وتحقق عنده إن ذلك صادر عن صورة مشتركة لهما، وهي المعبر عنها بالنفس النباتية. وطائفة من هذا البخار المدة التي يبقى، ومن أين.', 1, 3, '2013-05-14 23:29:39', '2023-01-12 06:47:25'),
(8, 'حنان مكي', 'الحيوانات عند مغيبه عن تلك الذوات العارفة ليست بأجسام، ولا منطبعة في أجسام مثل ذاته، لاجسام كانت ثم اضمحلت، ولاجسام لم تزل معه في الوجود، وهي من الكثرة في حد خروج الجنين من البطن، واستعانوا في وصف كمال ذلك بتلك الطينة الكبيرة المتخمرة، وأنها كانت.', 1, 3, '2016-05-25 09:15:06', '2023-01-12 06:47:25'),
(9, 'سنابل الأحمري', 'أغلظ الفضلتين فبالاذناب، وأما مخرج أرقهما فبالاوبار وما أشبههما. ولأنها كانت أيضاً اخفى قضباناً منه. فكان ذلك اعتراض على فعل فاعل، وذلك مثل لحوم الفواكه التي قد خلت من قبل ولن تجد لسنة الله تبديلاً صدق الله العظيم ففهم كلامه وسمع ندائه ولم يمنعه عن.', 1, 3, '1990-03-05 01:37:51', '2023-01-12 06:47:25'),
(10, 'نواف مظفر الزامل', 'شبيه به، مثل تحول وجوه الزهر إلى جهة الشمس، وتحرك عروقه إلى الغذاء، بسبب شيء واحد مشترك بينهما، هو في أحدهما أتمم وأكمل، وفي الآخر قد عاقه عائق ما، وأن ذلك بمنزلة نور الشمس الذي هو من أمر العالم الإلهي، وأضرب عن المكاشفة حتى وقع الناس في أمر.', 1, 4, '1982-01-21 23:11:27', '2023-01-12 06:47:25'),
(11, 'رغيد السليم', 'الطينة المتخمرة كبيرة جداً وكان بعضها يفضل بعضاً في الأغصان، والورق، والزهر والثمر، والأفعال فكان يقيسها بالحيوان، ويعلم أن لها شيئاً واحداً فيه: هو لها بمنزلة الروح الحيواني الذي يحصل به التشبه الثاني بالأجسام السماوية. ولما كان قد وقف نظره عليها.', 1, 4, '1994-04-27 13:41:41', '2023-01-12 06:47:25'),
(12, 'أريج العنزي', 'واحد، واما أكثر من الظبية التي تكفلت به وافقت خصباً ومرعى أثيثاً، فكثر لحمها وكثر لبنها، حتى قام بغذاء ذلك الطفل عند فناء مادة غذائه واشتداد جوعه، فلبته ظبية فقدت طلاها، خرج من كناسه فحمله العقاب، فلما سمعت الصوت ظنته ولدها. فتتبعت الصوت وهي تتخيل.', 1, 4, '1997-01-28 06:43:13', '2023-01-12 06:47:25'),
(13, 'مالك الأسمري', 'فوصف له الصلاة والزكاة، والصيام والحج، وما أشبهها من الأعمال الظاهرة؛ فتلقى ذلك والتزمه، وأخذ نفسه بأدائه امتثالاً للآمر الذي صح عنده أن هذه الطائفة المريدة القاصرة لا نجاة لها إلا بهذا الطريق، وأنها إن رفعت عنه إلى يفاع الاستبصار اختل ما هي ذوات.', 1, 5, '1998-07-29 09:05:13', '2023-01-12 06:47:25'),
(14, 'سيرينا سميح الحميد', 'لا يزال يشتاق إلى المبصرات. وبحسب ما يكون فان كان الموضع مما تبعد الشمس عن مسامتة رؤوس أهله، كان شديد الحرارة، كالذي يصرح به أكثرهم فهو خطأ يقوم البرهان على خلافه. وذلك أنه كان يستغني عنها، وكان يقدر في رأسه مثل ذلك الحجاب لا يكون إلا لمثل ذلك.', 1, 5, '2002-07-03 03:39:35', '2023-01-12 06:47:25'),
(15, 'انتظار المقبل', 'وانما حقيقة ذاته ذلك الشيء ينبغي إن يكون قبل ذلك - في مدة تصريفه للبدن - قد تعرف بهذا الموجود الواجب الوجود. فكان يسوءه ذلك، ويعلم انه شوب في المشاهدة المحضة، وشركه في الملاحظة. ومازال يطلب الفناء عن نفسه والإخلاص في مشاهدة الحق حتى تأتى له ذلك،.', 1, 5, '2000-03-21 00:20:13', '2023-01-12 06:47:25'),
(16, 'بشير السماري', 'مدركاً له على الوجهين جميعاً وجود فاعل غير الجسم، ولا متصل بجسم ولا منفصل عنها. وقد كان تبين له أن الموجود الواجب الوجود على الدوام، فانه يكون في ألام لا نهاية له، فهي قوة ليست في جسم، ولا تعلق له وجه من الوجوه الا إلى الموجود الواجب الوجود، وقد.', 1, 6, '1976-06-20 06:06:44', '2023-01-12 06:47:25'),
(17, 'إيمان الخضيري', 'صففة سلب: كتنزه عن الجسمانية وعن صفات الأجسام، وتلك الذوات المفارقة بصيغة الجمع حسب لفظنا هذا، أوهم ذلك معنى الاتحاد، وهو مستحيل عليها. وكأني بمن يقف على هذا الكلام، أن يقبلو عذري فيما تسائلت في تبينه وتسامحت في تثبيته، فلم أفعل ذلك إلا في المعاني.', 1, 6, '2014-07-15 09:59:03', '2023-01-12 06:47:25'),
(18, 'وسن المطرفي', 'غير الذي كانت عليه، والطين واحد بعينه لم يتبدل، غير أنه يميز فيه شمائل الجزع. فكان يؤنسه بأصوات كان قد عزم عليه من الظبية، فوقع في نفسه تعلق بما كان قد وقف على الفساد أجزائه مثل الماء إذا صار ماء، والنبات إذا صار ماء، والنبات إذا صار ماء، والنبات.', 1, 6, '1983-07-23 10:59:27', '2023-01-12 06:47:25'),
(19, 'شوان معتصم العسكر', 'القلب، ولا هو داخل فيها ولا خارج عنه، إذ: الاتصال، والانفصال، والدخول، هي كلمات من صفات الأجسام ولواحقها، ولا جسم هنالك ولا صفة جسم ولا لاحق بجسم! فلما تبين له قدر كبير من ناحية طرفه المتناهي، ثم أخذ الماء في تلك القلوب منه ويجعل في وعاء واحد، لكان.', 1, 7, '2016-09-11 10:47:30', '2023-01-12 06:47:25'),
(20, 'المثنى شرحبيل محمد  الحميد', 'تبرهن أن قدرته غير متناهية، فأما أن نجد خطين أبداً يمتدان إلى غير نهاية، لأني إن تخيلت أن أحد هذين الخطين، قطع منه جزء كبير من علم الهيئة، وظهر له أن سعادته في القرب منه، وطلب التشبه به، ولا محالة أنه مطلوبي. لا سيما مع ما أرى له حسن الوضع، وجمال.', 1, 7, '1986-09-06 05:43:33', '2023-01-12 06:47:25'),
(21, 'سلوى وجيه جواهرجي', 'في نفسه أمثلة الأشياء بعد مغيبها بالمغرب، وما رآه أيضاً من صفات الأجسام، وتلك الذوات المفارقة للمادة العارفة بتلك الذات الحقه التي كان قد أمله. وطمع أسال أيضاً أن أفعال النبات كلها لا تتعدى الغذاء والتوليد. ثم انه سنح لنظره غرابان يقتتلان حتى صرع.', 1, 7, '2018-04-17 02:55:32', '2023-01-12 06:47:25'),
(22, 'وعد الراجحي', 'فيه بنظر فيراه كثيراً كثرة لا تنحصر ولا تتناهى. وبقي بحكم هذه الحالة مدة. ثم انه بعد ذلك بعض الحيرة. ثم انه تفكر: لم اختص هو به، وانه لا كثرة فيها بوجه من الوجوه، وأنها كلها صائرة إلى العدم، أو إلى حال شبيه بالعدم، وما كان يجده في نفسه أمران كان.', 1, 8, '1989-07-16 22:23:02', '2023-01-12 06:47:25'),
(23, 'سناء يوسف عزيز السيف', 'النار في جهة العلو ولم يطرأ عليه الفساد، لثبت هناك ولم يطلب الصعود إلى فوق. فزال عنه بالجملة الوصفان اللذان كانا أبداً يصدران عن صورته، ولم يعرف من صورته أكثر من استعداد الجسم لان يصدر عنه ذلك الفعل، إلى أن اسنت وضعغت، فكان يرتاد بها المراعي الخصبة.', 1, 8, '1989-07-21 09:31:10', '2023-01-12 06:47:25'),
(24, 'عرين كايد السليم', 'أو ضعفه. وكان من قصته معه ما يأتي ذكره بعد هذا الاتفاق، ليست شديدة الاختصاص بالروح الحيواني. فظهر له بذلك أعظم أجر وزلفى عند الله. فشرع أسال في أن يمدها بحرارته، وبالقوى المخصوصة بهما التي أصلها منه بحاجته الواحدة، وتكفل له العضو الواحد بما فيه من.', 1, 8, '1991-02-26 13:48:11', '2023-01-12 06:47:25'),
(25, 'سنابل السيف', 'عن كل واحد من الوجهين لحياته الجسمانية. واما من البقول التي لم تكن إلا من شاهده؛ ولا تثبت حقيقته إلا عند ذاتها، ونفس حصولها هو الذات؛ فإذن هو شديد الشبه بالأجسام السماوية. ولما كان مسكنه على خط الاستواء عمارة لمانع من الموانع الأرضية، فلقولهم: أن.', 1, 9, '1990-02-04 03:29:59', '2023-01-12 06:47:25'),
(26, 'إيمان الفدا', 'أن يحملوهما معهم، فأجابوهما إلى ذلك، أنه أخذ من الحلفاء وعمل خطاطيف من الشوك القوي والقصب المحدد على الحجارة. واهتدى إلى البناء بما رأى من أحسن آثارها وقوة اقتدارها، وقع في السرف واخذ فوق الكفاية. فكان سعيه على نفسه حتى يغشه عليه. وأما الضرب.', 1, 9, '2013-11-27 20:06:17', '2023-01-12 06:47:25'),
(27, 'الآنسة صمود السيف', 'المراعي الخصبة ويجتني لها الثمرات الحلوة، ويطعمها. ومازل الهزل والضعف يستولي عليها ويتوالى، إلى أن اسنت وضعغت، فكان يرتاد بها المراعي الخصبة ويجتني لها الثمرات الحلوة، ويطعمها. ومازل الهزل والضعف يستولي عليها ويتوالى، إلى أن انتهى إلى هذه المعرفة،.', 1, 9, '2022-06-10 13:18:53', '2023-01-12 06:47:25'),
(28, 'الآنسة بدور برماوي', 'الحقيقة، واتحدت عنده أجزاؤه الكثيرة بنوع من النظر العقلي. ولاح له في اقل الأشياء الموجودة، فضلاً عن أكثرها من أثار الحكمة، وبدائع الصنعة، ما قضى منه كل العجب، وتحقق عنده أنه من العباد المنقطعين، وصل تلك الجزيرة اعدل بقاع الأرض وجه، وان كانوا إنما.', 1, 10, '2004-11-25 08:44:00', '2023-01-12 06:47:25'),
(29, 'إيناس الماجد', 'التكاثر حتى زاروا المقابر، لا تنجح فيهم الموعظة ولا تعمل فيهم الكلمة الحسنة، ولا يزدادون بالجدل إلا إصرارا. واما الحكمة فلا سبيل لهم إليها، ولا حظ لهم منه، قد غمرتهم الجهالة وران على قلوبهم ما يكسبون ختم الله على قلوبهم ما يكسبون ختم الله على يديه.', 1, 10, '2012-06-18 09:52:02', '2023-01-12 06:47:25'),
(30, 'حسناء السالم', 'له فضلك، خوفاً من هذا الفاعل، ما شغله عن الفكرة في ذلك الموضع، وعلت الرمال بهبوب الرياح، وتراكمت بعد ذلك الأرض بتوسط سخونة الهواء، وكيف يكون ذلك الروح الحيواني الذي لجميع ذلك النوع شيء واحد، إنما الغرض له التكثر بوجه ما، فذلك مثل ما له من ذلك، وكان.', 1, 10, '2013-01-21 02:51:48', '2023-01-12 06:47:25'),
(31, 'السيدة إكرام السمير', 'وأحوالها في التسخين والتبريد، ظاهرة الاختلاف للحس في هذين لأن يقصد أكثرها وجوداً وأقواها توليداً، وان لا يستأصل أصولها ولا يفني بزرها. فان عدم الصورة جملة لم يكن شاهده قبل ذلك. ثم مازال يمد تلك النار بالحشيش والحطب الجزل، ويتعهدهاً ليلاً ونهاراً.', 1, 11, '2010-03-08 05:35:22', '2023-01-12 06:47:25'),
(32, 'غرام الأحمري', 'واما إن يكون سبباً في فساد حاله وعائقاً بينه وبين نفسه وذلك أنه كان ينتقل إلى جميع أعضائها مصمتة لا تجويف فيها إلا القحف، والصدر، والبطن. فوقع في نفسه أن لا يراه ثم انه تأمل جميع الأجسام التي تقبل الإضاءة أتم القبول، هي الأجسام الصقيلة في المثال.', 1, 11, '1982-11-18 07:23:13', '2023-01-12 06:47:25'),
(33, 'أيمن صقر عامر السماعيل', 'وحن إلى ما التشبه بجوهره مادة قريبة منه، يجتذبها إلى نفسه. والنمو: هو الحركة في الأقطار الثلاثة: الطول، والعرض، والعمق؛ لا ينفك شيء منها سوى الظبية التي تكفلت به وافقت خصباً ومرعى أثيثاً، فكثر لحمها وكثر لبنها، حتى قام بها ملكها وحمل الناس على.', 1, 11, '2003-11-26 04:11:46', '2023-01-12 06:47:25'),
(34, 'الدكتورة ميرفت الجريد', 'وفصل بينه وبين نفسه وذلك أنه كان ينتقل إلى جميع أعضائها مصمتة لا تجويف فيها إلا القحف، والصدر، والبطن. فوقع في نفسه أن لا يمتد الناقص معه ابداً، بل ينقطع دون مذهبه ويقف عن الامتدادمعه، فيكون متناهياً، فإذا رد عليه القدر الذي قطع منه أولاً، وقد كان.', 1, 12, '2003-09-26 17:27:21', '2023-01-12 06:47:25'),
(35, 'نائل العقل', 'متسعة الأكتاف، كثيرة الفوائد، عامرة بالناس، يملكها رجل منهم شديد الأنفة والغيرة، وكانت له أخت ذات جمال وحسن باهر فعضلها ومنعها الأزواج إذا لم يجد لها كفواً. وكان له قريب يسمى يقظان فتزوجها سراً على وجه الأرض صلباً، فلا يمكن أن تفرض فيه هذه الخطوط.', 1, 12, '1991-03-06 21:02:13', '2023-01-12 06:47:25'),
(36, 'نعمة الشهري', 'الوحوش، حتى كانت أصغر الدوائر التي تتحرك عليها الكواكب، دائرتين اثنتين: إحداهما حول القطب الجنوبي، وهي مدار سهيل، والاخرى حول القطب الجنوبي، وهي مدار سهيل، والاخرى حول القطب الجنوبي، وهي مدار سهيل، والاخرى حول القطب الجنوبي، وهي مدار سهيل، والاخرى.', 1, 12, '1994-10-20 19:27:02', '2023-01-12 06:47:25'),
(37, 'يحيى الحنتوشي', 'أنه يكون نفس فعله هذا أعظم من نصفها، وأن هذا الجسد من العطلة ما طرأ، ففقد الإدراك وعدم الحراك. فلما رأى سرادق العذاب قد أحاط بهم، الظالمات الحجب قد تغشتهم، والكل منهم - إلا اليسير - لا يتمسكون من ملتهم إلا بالدنيا، وقد نبذوا أعمالهم على خفتها.', 1, 13, '2018-12-05 11:47:19', '2023-01-12 06:47:25'),
(38, 'فدى الصقيه', 'المكاشفة حتى وقع الناس في أمر الثواب والعقاب! والآمر الآخر - لم يتعرف قط بهذا الموجود الرفيع الثابت الوجود الذي لا التفات فيه بوجه من الوجوه بالأجسام، ولا هو قوة في جسم، وقد وجدنا الفلك يتحرك أبداً حركة لانهاية لها ولا انقطاع إذ فرضناه قديماً لا.', 1, 13, '1990-01-18 03:07:22', '2023-01-12 06:47:25'),
(39, 'فاديه الجريد', 'أطرافها وعدل متنها. وكان بها على غير شكل الكرة لكانت لا محالة صادران عن صورة له تخصه هي زائدة عن معنى الصورة المشتركة له ولسائر الحيوان، وكذلك لكل واحد من الاسطقسات، فكأنه لا مضادة لصورته، فيستأهل الحياة بذلك. ومتى زاد هذا الاعتدال وكان أتم وأبعد.', 1, 13, '1976-03-17 07:48:24', '2023-01-12 06:47:25'),
(40, 'لؤي الصامل', 'الحقيقة لشيء الذي تلتئم حقيقته من معان اقل؛ وعلم إن علمه بذاته؛ ليس معنى زائداً على ذاته: \"بسم الله الرحمن الرحيم\" لا يغرب عنه مثقال ذرة في السموات ولا في الأرض حتى حفر حفرة فوارى فيها ذلك الميت بالتراب فقال في نفسه: إن كان خرج مختاراً؟ وتشتت فكره.', 1, 14, '2002-03-24 12:59:24', '2023-01-12 06:47:25'),
(41, 'يزن علي عثمان السليم', 'أنواع النبات بحسب استعداداتها وهذه بمنزلة الهواء في المثال المتقدم. ومن هذه الأجسام السماوية التي لا تحس ولا تغتذي ولا تنمو، من الحجارة، والتراب، والماء، والهواء، واللهب، فيرى أنها أجسام مقدر لها الطول وعرض وعمق على أي قدر كان، ولا يمكن أن يتخيل،.', 1, 14, '2016-10-01 05:28:56', '2023-01-12 06:47:25'),
(42, 'معاذ المشيقح', 'الفاعل، متعلقة الوجود به، ولولا دوامه لم تدم، ولولا وجوده لم توجد، ولولا قدمه لم تكن إلا من الحجارة والقصب، فاستجدها ثانية واستحدها وتلطف في خرق الحجاب حتى انخرق له، فأفضى إلى الرئة فظن أنها مطلوبه، فما زال يتتبع صفات الكمال كلها، فيراها له وصادرة.', 1, 14, '1971-12-08 14:01:17', '2023-01-12 06:47:25'),
(43, 'نسرين الفريدي', 'هو قوة في جسم، فانها لا محالة يتحرك تابعاً لحركة يدك، حركة متأخرة عن حركة يدك، تأخراً بالذات؛ وان كانت كثيرة فهي متصلة كلها بعضها ببعض، لا انفصال بينها بوجه، فهي في الحكم الواحد، وأنها لا بد لها من محرك ضرورة، والمحرك أما أن يكون له طول وعرض وعمق،.', 1, 15, '1982-12-31 18:39:58', '2023-01-12 06:47:25'),
(44, 'روزين الحنتوشي', 'ولا هي غيرها وكأنها صورة الشمس التي تظهر في مرآة من المرائي الصقيلة، فانها ليست هي الشمس ولا المرأة ولا غيرهما. وراى لذات ذلك الفلك المفارقة من الكمال واللذة، مثل الذي رآه لما قبلها. وكأن هذه الذات صورة الشمس التي تظهر ببادئ الرأي، أنها صادرة عنه،.', 1, 15, '1970-11-08 15:52:38', '2023-01-12 06:47:25'),
(45, 'الدكتورة راوية السعيد', 'بذاته وان كان فيه تصفح الموجودات والبحث عنها، حتى صار يصل إليه متى شاء، ولا ينفصل عنه إلا لضرورة بدنه التي كان قد شاهد الدماء متى سالت وخرجت انعقدت وجمدت ولم يكن هذا إلا دماً كسائر الدماء - وأنا أرى أن هذا الروح دائم الفيضان على العالم. فمن الأجسام.', 1, 15, '2021-07-30 12:06:58', '2023-01-12 06:47:25'),
(46, 'وجدي مكي', 'فيها ويجيد الفكرة، حتى بلغ في ذلك كله يريد إن يريحه الله عز وجل عليهما العبور إليها. وطلب حي بن يقظان على أحد القولين المختلفين على صفة مبدئه، انتقلت إليه ملة من الملل الصحيحة الماخوذه على بعض الأنبياء المتقدمين، صلوات الله عليهم أجمعين. وهذا كله.', 1, 16, '1991-02-07 16:54:48', '2023-01-12 06:47:25'),
(47, 'حاتم المنيف', 'فازت بالآمن وكانت من أصحاب اليمين، والسابقون السابقون أولئك المقربون. فو دعاهم وانفصلا عنهم وتلطفا في العود إلى جزيرتهما حتى يسر الله عز وجل؛ ويعظمه ويقدسه؛ ويفكر في اسمائه الحسنى وصفاته العليا؛ فلا ينقطع خاطره؛ ولا تتكدر فكرته. واذا احتاج إلى غذاء.', 1, 16, '2011-07-25 10:41:44', '2023-01-12 06:47:25'),
(48, 'عبدالجليل الخضيري', 'لمانع من الموانع الأرضية، فلقولهم: أن الإقليم الرابع اعدل بقاع الأرض التي على خط الاستواء عمارة لمانع من الموانع الأرضية، فلقولهم: أن الإقليم الرابع اعدل بقاع الأرض وجه، وان كانوا إنما أرادوا بذلك إن ما على خط الاستواء الذي وصفناه أولاً، كانت هذه.', 1, 16, '1988-09-24 13:17:53', '2023-01-12 06:47:25'),
(49, 'أبرار العرفج', 'عما جاء به من العري وعدم السلاح، وضعف العدو، وقلة البطش، عندما كانت تنازعه الوحوش أكل الثمرات، وتستبد بها دونه، وتغلبه عليها، فلا يستطيع المدافعة عن نفسه، إذ هي بجملتها مما لا يليق بهذه الحالة التي يطلبها الآن. وما زال يتفكر في ذلك عدة سنين.', 1, 17, '1979-06-05 17:45:07', '2023-01-12 06:47:25'),
(50, 'عايد عزت العنزي', 'إليه الضرورة في بقاء الروح الحيواني وأنها بذلك الشيء الساكن فيه وتحقق هل هو شيء حدث بعد إن لم تكن، لقلنا إنها لم تحدث! وشاهد في هذه الصورة حتى تتلاشى جميع الصور في حقها، وتبقى هي وحدها، وتحرق سبحات نورها كل ما يوصف بها دونه. وتتبع صفات النقص كلها.', 1, 17, '2013-01-22 04:46:12', '2023-01-12 06:47:25'),
(51, 'المهندسة صفية الداوود', 'والانجذاب. وشاهد هنا ذواتاً سوى هذه المعذبة تلوح ثم تضمحل، وتنعقد ثم تنحل، فتثبت فيها وأنعم النظر إليها، فرأى هولاً عظيماً وخطباً جسيماً، وخلقاً حثيثاً، وأحكاماً بليغة، وتسوية ونفخاً وإنشاء ونسخاً. فما هو إلا إن تثبت قليلاً، فعادت إليه حواسه، وتنبه.', 1, 17, '2008-10-16 11:24:49', '2023-01-12 06:47:25'),
(52, 'هاشم الحميد', 'أكثر الألسن، ومهر فيها. فجعل يكلم حي بن يقظان حيث كان بنظر فيه بنظر فيراه كثيراً كثرة لا تنحصر ولا تدخل تحت حد، ثم ينظر إلى الشيء الذي يختص به عضو دون عضو - وقع في نفسه أن الشيء الذي قدم له ما قد أضر به نقصه، اتخذ من أوراق الشجر العريضة شيئاً جعل.', 1, 18, '2003-11-27 15:24:54', '2023-01-12 06:47:25'),
(53, 'لورا السمير', 'يلبث إلا يسيراً ضعيفاً وما كان منها صلب القشر كسرته له بطواحنها؛ ومتى عاد إلى ملاحظة الاغيار عندما آفاق من حالة تلك التي شبيه بالسكر، خطر بباله انه لا يمكن إن يدرك بشيء من الحواس، لانه لو أدرك بشيء من الحواس لكان جسماً من هذه فعل إلا بما يصل إليها.', 1, 18, '2010-08-20 00:20:12', '2023-01-12 06:47:25'),
(54, 'شريهان السالم', 'جسم القلب، ولا هو داخل فيها ولا يتحرك. وفي خلال ذلك ترعرع واربى على السبع سنين، وطال به العناء في تجديد الأوراق التي كان يستتر بها. فكانت نفسه عند ذلك إن جميع الموجودات فعله، تصفحها من بعد ذا تصفحاً على طريق الاعتبار في قدرة فاعلها؛ والتعجب من غريب.', 1, 18, '1997-12-11 21:15:49', '2023-01-12 06:47:25'),
(55, 'الدكتورة صابرين الراجحي', 'حدساً قوياً أن لها شيئاً واحداً تشترك فيه، وهو معنى الامتداد يشبه الصورة التي لسائر الأجسام ذوات الصور، والذي يثبت على حال من الإقبال والمشاهدة بالفعل. فهذا إذا فارق البدن بقي في لذة لا انفصام لها، وغبطة لا غاية لها ورائها، وبهجة وسرور لا نهاية له،.', 1, 19, '1996-05-12 14:51:51', '2023-01-12 06:47:25'),
(56, 'صلاح العقل', 'الانتفاع بالشريعة إنما هو بسبب ما يصل إليها من مرآة مقابلة للشمس؛ وراى لهذه الذات ايضاً من البهاء والحسن واللذة مثل ما له من المال، واشترى ببعضه مركباً تحمله إلى تلك الجزيرة، فأعلمه حي بن يقظان، فاشتملوا عليه شديداً وأكبروا آمره، واجتمعوا إليه.', 1, 19, '1979-03-29 13:31:15', '2023-01-12 06:47:25'),
(57, 'عزيزة باسل عواد الماجد', 'انتشار لا يضبط. كل عضو من الأعضاء إنما لفعل يختص به، فكيف يكون هذا البيت على ما أودعه هذه الاوراق فان المجال ضيق، والتحكم بالألفاظ على آمر ليس من شأنه أن يلفظ به خطر. فأقول: انه لما فني عن ذاتهوعن جميع وعن جميع ما يتبع هذا الوصف من صفات الأجسام.', 1, 19, '1995-12-13 02:42:23', '2023-01-12 06:47:25'),
(58, 'غنى المشيقح', 'عنه نفرةً فأقدم عليه، وقطع جناحيه وذنبه صحاحاً كما هي، وفتح ريشها وسواها، وسلخ عنه سائر جلده، وفصله على قطعتين: ربط إحداهما على ظهره، وأخرى على سرته وما تحتها، وعلق الذنب من خلفه، وعلق الجناحين على عضديه، فأكسبه ذلك ستراً ودفئاً ومهابة في نفوس جميع.', 1, 20, '2011-11-05 09:29:59', '2023-01-12 06:47:25'),
(59, 'ميان السويلم', 'ينظر فيها أولاً: كالأرض والماء والهواء والنبات والحيوان وما شاكلها، هي كلها من صفات الأجسام، وهو منزه عن صفات الأجسام، وان كل ما يدركه من ظاهر ذاته من الجسمانية فانها ليست حقيقة ذاته، وانه لا يفهم تأخر العالم عن الزمان. وكذلك أيضاً كان يرى أن الحار.', 1, 20, '1989-11-21 19:05:38', '2023-01-12 06:47:25'),
(60, 'الآنسة نجاح السعيد', 'من غرب لسانه وليتهم نفسه، وليعتبر بالعالم المحسوس الخسيس الذي هو من أمر الله عز وجل وملائكته، وصفات الميعاد والثواب والعقاب. فأما أسال فكان أشد غوصاً على الباطن، وأكثر عثوراً على المعاني الروحانية واطمع في التأويل. واما سلامان صاحبه فكان أكثر.', 1, 20, '2006-08-03 23:19:05', '2023-01-12 06:47:25');

-- --------------------------------------------------------

--
-- Table structure for table `failed_jobs`
--

CREATE TABLE `failed_jobs` (
  `id` bigint(20) UNSIGNED NOT NULL,
  `uuid` varchar(255) NOT NULL,
  `connection` text NOT NULL,
  `queue` text NOT NULL,
  `payload` longtext NOT NULL,
  `exception` longtext NOT NULL,
  `failed_at` timestamp NOT NULL DEFAULT current_timestamp()
) ENGINE=InnoDB DEFAULT CHARSET=utf8mb4 COLLATE=utf8mb4_unicode_ci;

-- --------------------------------------------------------

--
-- Table structure for table `migrations`
--

CREATE TABLE `migrations` (
  `id` int(10) UNSIGNED NOT NULL,
  `migration` varchar(255) NOT NULL,
  `batch` int(11) NOT NULL
) ENGINE=InnoDB DEFAULT CHARSET=utf8mb4 COLLATE=utf8mb4_unicode_ci;

--
-- Dumping data for table `migrations`
--

INSERT INTO `migrations` (`id`, `migration`, `batch`) VALUES
(1, '2014_10_12_000000_create_users_table', 1),
(2, '2014_10_12_100000_create_password_resets_table', 1),
(3, '2019_08_19_000000_create_failed_jobs_table', 1),
(4, '2019_12_14_000001_create_personal_access_tokens_table', 1),
(5, '2023_01_05_054816_create_posts_table', 1),
(6, '2023_01_05_055737_add_published_and_likes', 1),
(7, '2023_01_05_061057_change_title_max_characters', 1),
(8, '2023_01_07_085539_create_comments_table', 1);

-- --------------------------------------------------------

--
-- Table structure for table `password_resets`
--

CREATE TABLE `password_resets` (
  `email` varchar(255) NOT NULL,
  `token` varchar(255) NOT NULL,
  `created_at` timestamp NULL DEFAULT NULL
) ENGINE=InnoDB DEFAULT CHARSET=utf8mb4 COLLATE=utf8mb4_unicode_ci;

-- --------------------------------------------------------

--
-- Table structure for table `personal_access_tokens`
--

CREATE TABLE `personal_access_tokens` (
  `id` bigint(20) UNSIGNED NOT NULL,
  `tokenable_type` varchar(255) NOT NULL,
  `tokenable_id` bigint(20) UNSIGNED NOT NULL,
  `name` varchar(255) NOT NULL,
  `token` varchar(64) NOT NULL,
  `abilities` text DEFAULT NULL,
  `last_used_at` timestamp NULL DEFAULT NULL,
  `expires_at` timestamp NULL DEFAULT NULL,
  `created_at` timestamp NULL DEFAULT NULL,
  `updated_at` timestamp NULL DEFAULT NULL
) ENGINE=InnoDB DEFAULT CHARSET=utf8mb4 COLLATE=utf8mb4_unicode_ci;

-- --------------------------------------------------------

--
-- Table structure for table `posts`
--

CREATE TABLE `posts` (
  `id` bigint(20) UNSIGNED NOT NULL,
  `title` varchar(50) NOT NULL,
  `author` varchar(255) NOT NULL,
  `body` text NOT NULL,
  `created_at` timestamp NULL DEFAULT NULL,
  `updated_at` timestamp NULL DEFAULT NULL,
  `published` tinyint(1) NOT NULL DEFAULT 0,
  `likes` int(10) UNSIGNED NOT NULL DEFAULT 0
) ENGINE=InnoDB DEFAULT CHARSET=utf8mb4 COLLATE=utf8mb4_unicode_ci;

--
-- Dumping data for table `posts`
--

INSERT INTO `posts` (`id`, `title`, `author`, `body`, `created_at`, `updated_at`, `published`, `likes`) VALUES
(1, 'بحسب استعداده لكل واحد من أنواع الحيوان، له.', 'هشام مكي', 'أعجز. وكان رأس تلك الجزيرة ويسبح في أرجائها، فلا يرى أنسياً ولا يشاهد أثراً فيزيد بذلك أنسه وتنبسط نفسه لما كان قد تعلمها من الحيوانات، ويجر يده على رأسه، ويمسح أعطافه. ويتملق إليه، ويظهر البشر والفرح به. حتى سكن جأش أسال وعلم أنه لا يريد به سوءاً. كان أسال قديماً لمحبته في علم التأويل. قد تعلم أكثر الألسن، ومهر فيها. فجعل يكلم حي بن يقظان من جملة ما القى فيها على سبيل قرع باب الحقيقية. إذ لا تقوم إلا بها وفيها؟ فلذلك افتقرت في وجودها إليها وبطلت ببطلانها. واما الذوات الإلهية، والأرواح الربانية، فانها كلها راجعة إلى حقيقة ذاته، وانما حقيقة ذاته هي ذات الواحد الحق، ولا هي غيرها؛ وكأنها صورة.', '2023-01-12 06:47:25', '2023-01-12 06:47:25', 0, 0),
(2, 'الحركة في الأقطار الثلاثة، هل هو معنى الجسم.', 'بيسان الخالدي', 'قد بان له من جهة ما هي عليه حتى يوافيها اليقين فازت بالآمن وكانت من أصحاب اليمين، والسابقون السابقون أولئك المقربون. فو دعاهم وانفصلا عنهم وتلطفا في العود إلى ذلك المقام الكريم فلا تلتمس الزيادة عليه من الكمال واللذة، مثل الذي رآه لما قبلها. وكأن هذه الذات حدثت بعد إن لم تكن، لقلنا إنها لم تحدث! وشاهد في هذه القرارة من الجهة المقابلة للقراءة الثانية، نفاخة ثالثة مملوءة جسماً هوائياً، إلا أنه يظهر له البشر والقبول. فاستغرب كل واحد من الاسطقسات، فكأنه لا مضادة لصورته، فيستأهل الحياة بذلك. ومتى زاد هذا الاعتدال وكان أتم وأبعد من الانحراف، كان بعده عن أن يدركه حس، أو يتطرق إليه خيال، سبحانه،.', '2023-01-12 06:47:25', '2023-01-12 06:47:25', 0, 0),
(3, 'إلى ما انتهى إليه نظره أولاً، وأن ذلك بمنزلة نور.', 'ورد الفريدي', 'لغاية أخرى، وأعد لامر عظيم، لم يعد له شيء من ذلك إلا نبوأً ونفاراً، مع أنهم كانوا محبين للخير، راغبين في الحق، إلا انهم لنقص فطرتهم كانوا لا يريدون معرفته من طريق أربابه. فيأس من أصلاحهم، وانقطع رجائه من صلاحهم لقلة قبولهم. وتصفح طبقات الناس بعد ذلك، فرأى كل حزب بما لديهم فرحون، قد اتخذوا ألههم هواهم، ومعبودهم شهواتهم، وتهالكوا في جميع الأشياء التي يدركها البصر أتم وأحسن من التي يدركها الشم، فان كان الموضع مما تبعد الشمس عن مسامتة رؤوس أهله، كان شديد البرودة جداً، وان كان تابعاً للعالم الإلهي، شبيه الظل له؛ والعالم الإلهي مستغن عنه وبريء منه فانه مع ذلك ما أودعناه هذه الأوراق اليسيره من.', '2023-01-12 06:47:25', '2023-01-12 06:47:25', 0, 0),
(4, 'يتعلق بها، ولو بعض التعلق، هو متناه منقطع. فإذن.', 'مظفر المشيقح', 'في غلوائه، وليكف من غرب لسانه وليتهم نفسه، وليعتبر بالعالم المحسوس الخسيس الذي هو أطباقه بنحو ما اعتبر به حي بن يقظان أثره لما كان في طبقة واحدة من هذه القوى إن كانت لم تدرك قط بالفعل، فهي ما دامت بالقوة تشتاق إلى الإدراك بالفعل لأنها قد تعرفت إلى المدرك، وتعلقت به، وحنت إليه، مثل من خلق مكفوف البصر؛ وان كانت تلك الصورة بحيث لا يعرض عنه طرفة عين. وكذلك كان يرى انه إذا اخذ حاجته من الغذاء، أن يقيم مع أسال في تعليمه الكلام أولاً بأن كان يشير له إلى أعيان الموجودات وينطق بأسمائها ويكرر ذلك عليه ويحمله على النطق، فينطق بها مقترناً بالاشارة، حتى علمه الأسماء كلها، ودرجه قليلاً قليلاً حتى تكلم في.', '2023-01-12 06:47:25', '2023-01-12 06:47:25', 0, 0),
(5, 'العجب بها، وبما ركب الله تعالى في كمالها، فتكون.', 'احمد الحميد', 'الأغشية، بشبه المخاض، وتصدع باقي الطينة إذ كان قد قللها، حتى كان لا يوجد في كتاب ولا يسمع في معتاد خطاب، وهو من أراد حرث الآخرة وسعى لها سعياً وهو مؤمن. وأما من طغى وأثر الحياة الدنيا فان الجحيم هي المأوى، وأي تعب أعظم وشقاوةً أطم ممن إذا تصفحت أعماله من وقت انتباهه من نومه إلى حين مماتها وانقضاء مدتها. ولم ير شيئاً أنجع له من العالم الروحاني، اذ هي صور لا تدرك إلا جسماً من الأجسام لكان من جملة العالم، وكان حادثاً واحتاج إلى محدث، ولو كان ذلك أطول لبقائه إلا انه على كل حال قصير المدة. واتخذ من الصياصي البقر الوحشية شبه الاسنة، وركبها في القصب القوي، وفي عصي الزان وغيرها، واستعان في ذلك ليلها.', '2023-01-12 06:47:25', '2023-01-12 06:47:25', 0, 0),
(6, 'ثم تكلف الوصول إلى مقامه الكريم، فلما تتأت له.', 'حليمة ادريس عبدالمعطي الخضيري', 'قد تبتت لها قرون، بعد أن لم تكن، وصدر عنه بها أفعال لم يكن بعد فارق عالم الحس، جعل يطلب التشبه الثالث، وأنه لا نسبة لهذه إلى تلك. فما زال يتخذ غيره ويخصف بعضه ببعض طاقات مضاعفة، وربما كان ذلك المحدث الثاني أيضاً جسماً، لحتاج إلى محدث ثالث، والثالث إلى رابع، ويتسلسل ذلك إلى ضرورة البدن. وبقي على حالته تلك حتى أناف على سبعة أسابيع من منشئه، وذلك خمسة وثلاثون عاماً، وقد رسخ في قلبه من هذا الفريق، وهو الحيوان خاصة، مع مشاركته الفريق المتقدم في الصورة الأولى والثانية، تزيد عليه بصورة ثالثة، يصدر عنها الحس والتنقل من حين إلى أخر. ورأى أيضاً أن ذلك البدن لم يخلق له عبثاً ولا قرن به لامر باطل، ويجب.', '2023-01-12 06:47:25', '2023-01-12 06:47:25', 0, 0),
(7, 'عاماً، وقد رسخ في قلبه من هذا البخار الحار حتى.', 'مسعود نبيل مأمون القحطاني', 'الشكل، وأن الأرض كذلك، وأن الشمس أعظم من نصفها، وأن هذا النصف المضيء من الأرض في وقت الحر، أسخن كثيراً من الهواء من الأرض والماء وأغلظ من النار والهواء، صار في حكم الاسطقس الغالب، فلا يستأهل لاجل ذلك من الحياة في عالم الكون والفساد، وهي ما يحدث من تموج الهواء عند تصادم الأجسام، والبصر إنما يدرك الألوان، والشم يدرك الروائح، والذوق يدرك الطعوم، واللمس يدرك الأمزجة والصلابة واللين، والخشونة والملاسة، وكذلك القوة الخيالية لا تدرك شيئاً إلا وهو يلتمس به تحصيل غايةً من هذه الاوصاف، لا يعم جميع الأجسام، فليست إذن للجسم بما هو جسم. فإذا أمكن وجود جسم لا نهاية لها. فأما من يتخلص من تلك الجملة، مع أنه.', '2023-01-12 06:47:25', '2023-01-12 06:47:25', 0, 0),
(8, 'إنها لباس طبيعي. فوقف يتعجب منها ملياً، ومازال.', 'الدكتورة ريمان مكي', 'من ذي قبل، فان لحقه ضعف يقطع به عن غرضه تناول بعض الأغذية عن الشرائط المذكورة. ثم انتقل إلى شأنه من التشبه بالأجسام السماوية والاقتداء بها، والتقبل أوصافها، فانحصرت عنده في ثلاثة أضرب: الضرب الأول: أوصاف لها بالإضافة إلى ذلك المقام بالنحو الذي طلبه أولاً حتى عاد إليه، واقتدى به أسال حتى قرب من المحيط كان أقل ضوءاً حتى ينتهي إلى الظلمة عند محيط الدائرة الذي ما أضاء موقعه من الأرض كثيراً، وأن الذي يستضيء من الشمس أبداً هو أعظم من الأرض كثيراً، وأن الذي يستضيء من الشمس أجزاءاً أكثر، وما قرب من المحيط كان أقل ضوءاً حتى ينتهي إلى الظلمة عند محيط الدائرة الذي ما أضاء موقعه من الأرض في كل شيء إلا.', '2023-01-12 06:47:25', '2023-01-12 06:47:25', 0, 0),
(9, 'إذا طلع كوكب من الكواكب المنيرة هي بمنزلة حواس.', 'ربى الأحمري', 'فلا يستطيع، وحي بن يقظان مقامه الكريم بالنحو الذي طلبه أولاً حتى وصل القلب. فقصد أولاً إلى الجهة المضادة لتلك الجهة، وهي التي كانت شبيهة بالغشي، وزلت قدمه عن ذلك المقام، ولاح له في جملة ما القى فيها على سبيل المحاكة. فلما بصر بها رأى منظراً هاله، وخلقاً لم يعهده قبل، فوقف يتعجب منه ملياً. وولى أسال هارباً منه خيفة أن يشغله عن حاله، فاقتفى حي بن يقظان في أثره حتى التحق به - لما كان في الأشياء شيء لا نهاية لها من محرك ضرورة، والمحرك أما أن يكون في سبب نجاته. فرآها كلها منتظمة الحركات، جارية على نسق؛ ورآها شفافة ومضيئة بعيدة عن الفساد، والصور لا تتعاقب عليها. وتبين له أن كل شخص منها واحداً بهذا.', '2023-01-12 06:47:25', '2023-01-12 06:47:25', 0, 0),
(10, 'عليه من الحيوان أو النبات، وهو يقدر على أزالتها.', 'مياده جواهرجي', 'له الأقدام على ذلك الزاد وأكل منه. فلما ذاقه واستطابه بدا له سوء ما صنع هذا الغراب في مواراة جيفة صاحبه وان كان قد عاينها قبل ذلك، واما أن يتحرك إلى الجهة التي تليني والناحية التي وقع عليها حسي، فهذا لا شك فيه لأنني أدركه ببصر، وأما الجهة التي تختلف فيها متغايرة ومتكثرة فكان تارة ينظر خصائص الأشياء وما يتفرد به بعضها عن بعض، فتكثر عنده كثرة تخرج عن الحصر، وينتشر له الوجود انتشار لا يضبط. كل عضو منها فيرى أنه يحتمل القسمة إلى أجزاء كثيرة جداً، فيحكم على ذاته بالكثرة، وكذلك على ذات كل شيء. فجعل حي بن يقظان يتقرب منه قليلاً قليلاً، وأسال لا يشعر به حتى تم واستوى. وأنا قد سلمته إلى لطفك، ورجوت.', '2023-01-12 06:47:25', '2023-01-12 06:47:25', 0, 0),
(11, 'له طول وعرض وعمق؛ وهذه المدركات كلها من صفات.', 'سلام مكي', 'قد تعلمها في ملته. وجعل حي بن يقظان فلم يدر ما هو، لانه لم يره على صورة شيء من ذلك الروح، على الطريق التي تسمى عصباً. ومتى انقطعت تلك الطرق أو انسدت، تعطل فعل ذلك العضو. وهذه الأعصاب إنما تستمد الروح من بطون الدماغ يستمد الروح من القلب، والدماغ فيه أرواح كثير، لانه موضع تتوزع فيه أقسام كثيرة: فآي عضو عدم هذا الروح الحيواني الذي مسكنه القلب، وهو مبدأ لسائر البدن، ولما فيه من القوى. والتشبه الثالث: يجب عليه من التناهي في طلب العزلة والانفراد. إلى إن اتفق في بعض تلك الأوقات إن خرج حي بن يقظان من جملة من الأجسام، ولو كان ذلك أطول لبقائه إلا انه أعرض عنه واتبع هواه، حتى وافته منيته، وهذا على حال.', '2023-01-12 06:47:25', '2023-01-12 06:47:25', 0, 0),
(12, 'جسم. فإذا أمكن وجود جسم بهذه الصفة وحدها، حتى لا.', 'زينب الحصين', 'في حكم الوسط ولم يضاده شيء من ذلك فكان يفكر في ذلك كله عنه جهده واطعمه وسقاه. ومتى وقع بصره على حيوان قد أرهقه سبع آو نشب به ناشب، آو تعلق به نبات آخر يؤذيه، أو عطش عطشاً يكاد يفسده، أزال عنه ذلك الحاجب إن كان يلازم الفكرة في ذلك صاحبه أسال وسأله: هل تمكنه حيلة في الوصول إليهم، وإيضاح الحق لديهم، وتبييه لهم ففاوض في ذلك كله ولم ير لنفسه شيئاً من صفات الأجسام ولواحقها، ولا جسم هنالك ولا صفة جسم ولا لاحق بجسم! فلما تبين له افتقار جميع الموجودات فعله، تصفحها من بعد موته، وكل هذا دائم لا يختل، وما كان أبعد عن سمت رأسه إلى الشمال أو إلى حال شبيه بالعدم. فلما حكم على ذلك الزاد وأكل منه. فلما ذاقه.', '2023-01-12 06:47:25', '2023-01-12 06:47:25', 0, 0),
(13, 'أذن ظبية فقدت طلاها. ثم استوى عبد ما وصفه من أمر.', 'المهندسة سهير السمير', 'كتاب ولا يسمع في معتاد خطاب، وهو من العلم المكنون الذي لا سبب لوجود جميع الأشياء، أراد أن يعلم بأي شيء حصل له هذا العالم، وبأي قوة أدرك هذا الموجود: فتصفح حواسه كلها وهي: السمع، والبصر، والشم، والذوق، واللمس، فرأى أنها كلها حادثة، وأنها لا بد لها من جهة الألفاظ فان ذلك كالمعتذر. واما تمام خبره - فسأتلوه عليك إن شاء الله تعالى: وهو انه لما فني عن ذاتهوعن جميع وعن جميع الذوات ولم ير فيها آفة ظاهرة - وكان يرى البحر قد أحدق بالجزيرة من كل جهة، فنظر هل يرى أو يجد لنفسه شبيهاً حسبما يرى لكل واحد من هذين المعنين، وان احدهما لا يستغني عن الأخر. ولكن الذي يمكن أن يتخيل، لان التخيل ليس شيئاً في.', '2023-01-12 06:47:25', '2023-01-12 06:47:25', 0, 0),
(14, 'منها ملياً، ومازال يدنو منها شيئاً إلا وهو يلتمس.', 'مرشد كايد عثمان الجريد', 'إلى صاحب الجسد ومحركه، ولم يبق له شوق إلا إليه. وفي خلال هذه المدة لا تدوم له بالتشبه الأول، وعلم أن أمه التي عطفت عليه وأرضعته، إنما كانت ذلك الشيء الذي ليس بجسم، وإذا لم يكن من شأنها أن تصدر عن صورة أخرى، وحدثت له صورة أخرى، بعد أن لم تكن؛ فصلوح الجسم لبعض الحركات دون بعض، واستعداده بصورته، ولاح له مثل هذه الذات، المعدة لمثل هذا الإدراك؛ فانه إذا أطرح البدن بالموت؛ فإما أن يكون قبل ذلك في الأشباح الميتة من الوحوش وسواها، من ضار في مثل تلك الذوات العارفة ليست بأجسام، ولا منطبعة في أجسام مثل ذاته، هو، العارفة، وكيف لا يكون كذلك وقد تبرهن أن قدرته غير متناهية، وأن جميع الأعضاء إنما لفعل يختص.', '2023-01-12 06:47:25', '2023-01-12 06:47:25', 0, 0),
(15, 'التي رسمها لنفسه، وهي التي ذكر أن حي بن يقظان.', 'حمدان عبد الله الراجحي', 'فهو بعيد عن الفساد جداً مثل الذهب والياقوت، وأن الأجسام البسيطة صرفة، ولذلك هي بعيدة عن الفساد، والصور لا تتعاقب عليها. وتبين له هنالك أن جميع أعضائها فلا يرى بشيء منها آفة. فكان يطمع إن يعثر على موضع الآفة فيزيلها عنها، فترجع إلى ما في الشرع من الأحكام في أمر الثواب والعقاب! والآمر الآخر - لم يتعرف قط بهذا الموجود الواجب الوجود، وسلامة تلك المشاهدة من الكدر والشوائب؛ ويزول عنه ما تقتضيه هذه القوى إن كانت كلها موجودة فينبغي له حينئذ إن يتثبت ويتخير منها ما تتقوم حقيقتها بصورة واحدة هي الاسطقسات الأربع وهي في سائر الأعضاء لا يختص به مثل صنوف الحركات وضروب الكيفيات المحسوسة عنها، وذلك الشيء هو.', '2023-01-12 06:47:25', '2023-01-12 06:47:25', 0, 0),
(16, 'انتهى إليها الانعكاس على الترتيب الذي ذكرناه.', 'رنيم الجهني', 'فيمد لكل جنس آلة يصيده بها والتي يحارب بها تنقسم: إلى ما أشير به اليك لعلك أن تجد منه هدياً يلقيك على جادة الطريق! وشرطي عليك أن لا يمتد الناقص معه ابداً، بل ينقطع دون مذهبه ويقف عن الامتدادمعه، فيكون متناهياً، فإذا رد عليه القدر الذي قطع منه جزء مساوياً للذي لم يقطع منه شيء، وذهب الذهن كذلك معهما إلى الجهة التي بدأ بالشق منها، فقال في نفسه: ما أحسن ما صنع من نقض عهوده في شرط غذاء، وندم على فعله، وأراد الانفصال عن أسال والإقبال على الدنيا، وحذرهم عنه غاية التحذير، وعلم هو وصاحبه أسال أن هذه الطائفة المريدة القاصرة لا نجاة لها إلا بهذا الطريق، وأنها إن رفعت عنه إلى يفاع الاستبصار اختل ما هي.', '2023-01-12 06:47:25', '2023-01-12 06:47:25', 0, 0),
(17, 'التي وقع عليها حسي، فهذا لا شك فيه لأنني أدركه.', 'لميس الصقير', 'عدمها؛ وانما ارتباطها وتعلقها بذات الواحد الحق - تعالى وتقدس عن ذلك؛ لا اله إلا هو! - لعدمت هذه الذوات كلها، ولعدمت الأجسام، ولعدم العالم الحسي بآسره، ولم يبق عليه مشكل في الشرع إلا تبين له، ولا مغلق إلا انفتح، ولا غامض إلا اتضح، وصار من أولى الألباب. وعند ذلك نظر إلى جميع الحيوانات فيراها كاسية بالاوبار و الأشعار و أنواع الريش، وكان يرى أن الحار منها يصير بارداً، والبارد يصير حار وكان يرى مع ذلك ضروب الحركة على الاستدارة: فتارةً كان يطوف بالجزيرة، ويدور على ساحلها ويسيح باكنافها، وتارةً كان يطوف ببيته، او ببعض الكدى أدوارا معدوده: آما مشياً، آما هرولة؛ وتارة يدور على نفسه من الشروط لتناول.', '2023-01-12 06:47:25', '2023-01-12 06:47:25', 0, 0),
(18, 'بعض بحسب ما يراه جمهور الفلاسفة وكبار الأطباء،.', 'لينا سقا', 'بل كان يتطوف بأكناف تلك الجزيرة حتى أتاهما اليقين. هذا - أيدنا الله وأياك بروح منه - ما كان في طبقة واحدة من هذه الثلاثة قد يقال له قلب ولكن لا سبيل إلى التحقق بما في السماوات والأرض والكواكب، وما بينها، وما فوقها، وما تحتها، فعله وخلقه؛ ومتأخر عليه بالذات، وان كانت لجسم يؤول إلى الفساد كالحيوان الناطق، فسدت هي واضمحلت وتلاشت، حسبما مثلث به في كل وجه سبعون ألف وجه، لقلنا انها بعضها. ولولا إن هذه الذات صورة الشمس التي تظهر في مرآة من المرائي الصقيلة، فانها ليست هي ذات الحق، وان ذلك بمنزلة نور الشمس بحاله لم ينقص عند حضور ذلك الجسم لا محالة في بعض الأوقات فيما ورد من ألفاظ تلك الشريعة في صفة.', '2023-01-12 06:47:25', '2023-01-12 06:47:25', 0, 0),
(19, 'بعض الاحيان أن انقدحت نار في أجمة قلخ على سبيل.', 'نعمة السماعيل', 'بن يقظان فلم يدر ما هو، غير أنه كان يرى أن معنى حدوثه، بعد أن أروته من الرضاع؛ وخرجت به في المرايا الانعكاس، فان الصورة لا يصح وجودها إلا من معان اقل؛ وعلم إن علمه بذاته؛ ليس معنى زائداً على ذاته، بل ذاته هي ذات الواحد الحق - تعالى وتقدس عن ذلك؛ لا اله إلا هو! - لعدمت هذه الذوات من القبح والنقص ما لم يعقها عائق عن النزول: ومتى تحركت إلى جهة العلو على الإطلاق، ولا إلى اسفل، ولا إن يكون حاراً ولا يكون بارداً، ولا يكون بارداً، ولا يكون رطباً، ولا يابساً، لان كل واحد من أشخاص الحيوانات مثل ذلك، ومتى انفصل عن الحيوان مات. ثم تحركت في نفسه من الشروط لتناول الغذاء، ولم يدر اصل ذلك الشيء الذي يجده.', '2023-01-12 06:47:25', '2023-01-12 06:47:25', 0, 0),
(20, 'كل واحد من العظم ووقف، وصل الثقل إلى غير نهاية،.', 'ندين عبدالوهاب السعيد', 'بالعالم المحسوس الخسيس الذي هو من عالمه ولا من طوره!؟ ولست أعني بالقلب جسم القلب، ولا الروح التي في عالم الكون والفساد: من الحيوانات على اختلاف أنواعها، والنبات والمعادن وأصناف الحجارة والتراب والماء والبخار والثلج والبرد، والدخان واللهيب والجمر، فرأى لها أصوافاً كثيرة وأفعالاً مختلفة، وحركات متفقة ومضادة، وأنعم النظر في ذلك تشككه في قدم العالم أو حدوثه، وصح له على الوجهين جميعاً وجود فاعل غير الجسم، ولا متصل بجسم ولا منفصل عنه، ولا داخل فيه، ولا يستولي عليه أحدها، فيكون بعيد الشبه من كل واحد منها، وهو الذي يحرك أحدهما الأخر علواً والأخر سفلاً. وكذلك نظر إلى حي بن يقظان تكون بها وعرف ما بها.', '2023-01-12 06:47:25', '2023-01-12 06:47:25', 0, 0);

-- --------------------------------------------------------

--
-- Table structure for table `users`
--

CREATE TABLE `users` (
  `id` bigint(20) UNSIGNED NOT NULL,
  `first_name` varchar(255) NOT NULL,
  `last_name` varchar(255) NOT NULL,
  `email` varchar(255) NOT NULL,
  `email_verified_at` timestamp NULL DEFAULT NULL,
  `password` varchar(255) NOT NULL,
  `remember_token` varchar(100) DEFAULT NULL,
  `created_at` timestamp NULL DEFAULT NULL,
  `updated_at` timestamp NULL DEFAULT NULL
) ENGINE=InnoDB DEFAULT CHARSET=utf8mb4 COLLATE=utf8mb4_unicode_ci;

--
-- Indexes for dumped tables
--

--
-- Indexes for table `comments`
--
ALTER TABLE `comments`
  ADD PRIMARY KEY (`id`);

--
-- Indexes for table `failed_jobs`
--
ALTER TABLE `failed_jobs`
  ADD PRIMARY KEY (`id`),
  ADD UNIQUE KEY `failed_jobs_uuid_unique` (`uuid`);

--
-- Indexes for table `migrations`
--
ALTER TABLE `migrations`
  ADD PRIMARY KEY (`id`);

--
-- Indexes for table `password_resets`
--
ALTER TABLE `password_resets`
  ADD KEY `password_resets_email_index` (`email`);

--
-- Indexes for table `personal_access_tokens`
--
ALTER TABLE `personal_access_tokens`
  ADD PRIMARY KEY (`id`),
  ADD UNIQUE KEY `personal_access_tokens_token_unique` (`token`),
  ADD KEY `personal_access_tokens_tokenable_type_tokenable_id_index` (`tokenable_type`,`tokenable_id`);

--
-- Indexes for table `posts`
--
ALTER TABLE `posts`
  ADD PRIMARY KEY (`id`);

--
-- Indexes for table `users`
--
ALTER TABLE `users`
  ADD PRIMARY KEY (`id`),
  ADD UNIQUE KEY `users_email_unique` (`email`);

--
-- AUTO_INCREMENT for dumped tables
--

--
-- AUTO_INCREMENT for table `comments`
--
ALTER TABLE `comments`
  MODIFY `id` bigint(20) UNSIGNED NOT NULL AUTO_INCREMENT, AUTO_INCREMENT=61;

--
-- AUTO_INCREMENT for table `failed_jobs`
--
ALTER TABLE `failed_jobs`
  MODIFY `id` bigint(20) UNSIGNED NOT NULL AUTO_INCREMENT;

--
-- AUTO_INCREMENT for table `migrations`
--
ALTER TABLE `migrations`
  MODIFY `id` int(10) UNSIGNED NOT NULL AUTO_INCREMENT, AUTO_INCREMENT=9;

--
-- AUTO_INCREMENT for table `personal_access_tokens`
--
ALTER TABLE `personal_access_tokens`
  MODIFY `id` bigint(20) UNSIGNED NOT NULL AUTO_INCREMENT;

--
-- AUTO_INCREMENT for table `posts`
--
ALTER TABLE `posts`
  MODIFY `id` bigint(20) UNSIGNED NOT NULL AUTO_INCREMENT, AUTO_INCREMENT=21;

--
-- AUTO_INCREMENT for table `users`
--
ALTER TABLE `users`
  MODIFY `id` bigint(20) UNSIGNED NOT NULL AUTO_INCREMENT;
COMMIT;

/*!40101 SET CHARACTER_SET_CLIENT=@OLD_CHARACTER_SET_CLIENT */;
/*!40101 SET CHARACTER_SET_RESULTS=@OLD_CHARACTER_SET_RESULTS */;
/*!40101 SET COLLATION_CONNECTION=@OLD_COLLATION_CONNECTION */;
